Model,Train MAE,Test MAE,Test RMSE,Test R²
Linear Regression,78.18119836177038,86.3667705470306,109.77522612137804,0.8954970230219229
Random Forest,35.31138321995465,129.7658695652174,179.5655510682235,0.7203814192919094
